<?xml version="1.0" encoding="utf-8"?>
<!--/1552212/1216038/2.50/6/4/Switch/-->
<quadcept_library>
  <setting unit="mil" />
  <textstyle name="Default" height="47.244094488189" strokewidth="7.8740157480315" charwidth="47.244094488189" />
  <textstyle name="Dimension" height="19.6850393700787" strokewidth="0" charwidth="19.6850393700787" />
  <textstyle name="H127W0635TH00762" height="50" strokewidth="3" charwidth="25" />
  <textstyle name="H15W15TH02" height="59.0551181102362" strokewidth="7.8740157480315" charwidth="59.0551181102362" />
  <padstyle name="c138.1_h85" surface="False" plated="True" isvia="False" nopaste="True" nomask="True" complex="False" holesize="33.464566929133">
    <padshape layer="TOP" shape="round" width="54.370078740157" height="54.370078740157" />
    <padshape layer="TOP_SOLDER_MASK" shape="round" width="62.244094488188" height="62.244094488188" />
    <padshape layer="INNER" shape="round" width="54.370078740157" height="54.370078740157" />
    <padshape layer="BOTTOM" shape="round" width="54.370078740157" height="54.370078740157" />
    <padshape layer="BOTTOM_SOLDER_MASK" shape="round" width="62.244094488188" height="62.244094488188" />
  </padstyle>
  <padstyle name="s138.1_h85" surface="False" plated="True" isvia="False" nopaste="True" nomask="True" complex="False" holesize="33.464566929133">
    <padshape layer="TOP" shape="square" width="54.370078740157" height="54.370078740157" />
    <padshape layer="TOP_SOLDER_MASK" shape="square" width="62.244094488188" height="62.244094488188" />
    <padshape layer="INNER" shape="square" width="54.370078740157" height="54.370078740157" />
    <padshape layer="BOTTOM" shape="square" width="54.370078740157" height="54.370078740157" />
    <padshape layer="BOTTOM_SOLDER_MASK" shape="square" width="62.244094488188" height="62.244094488188" />
  </padstyle>
  <footprint name="76STD01T" originx="0" originy="0" pickpointx="0" pickpointy="0">
    <pcbpin number="1" name="1" style="s138.1_h85" originx="-99.999999999999" originy="-150" rotation="90" />
    <pcbpin number="2" name="2" style="c138.1_h85" originx="-99.999999999999" originy="150" rotation="90" />
    <pcbpin number="3" name="3" style="c138.1_h85" originx="99.999999999999" originy="-150" rotation="90" />
    <pcbpin number="4" name="4" style="c138.1_h85" originx="99.999999999999" originy="150" rotation="90" />
    <pcbpin number="5" name="C1" style="c138.1_h85" originx="0" originy="150" rotation="90" />
    <pcbpin number="6" name="C2" style="c138.1_h85" originx="0" originy="-150" rotation="90" />
    <line layer="TOP_ASSEMBLY" originx="-189.96062992126" originy="189.96062992126" endx="189.96062992126" endy="189.96062992126" width="7.8740157480314" />
    <line layer="TOP_ASSEMBLY" originx="189.96062992126" originy="189.96062992126" endx="189.96062992126" endy="-189.96062992126" width="7.8740157480314" />
    <line layer="TOP_ASSEMBLY" originx="189.96062992126" originy="-189.96062992126" endx="-189.96062992126" endy="-189.96062992126" width="7.8740157480314" />
    <line layer="TOP_ASSEMBLY" originx="-189.96062992126" originy="-189.96062992126" endx="-189.96062992126" endy="189.96062992126" width="7.8740157480314" />
    <line layer="TOP_SILKSCREEN" originx="-189.96062992126" originy="189.96062992126" endx="189.96062992126" endy="189.96062992126" width="3.9370078740157" />
    <line layer="TOP_SILKSCREEN" originx="189.96062992126" originy="189.96062992126" endx="189.96062992126" endy="-189.96062992126" width="3.9370078740157" />
    <line layer="TOP_SILKSCREEN" originx="189.96062992126" originy="-189.96062992126" endx="-189.96062992126" endy="-189.96062992126" width="3.9370078740157" />
    <line layer="TOP_SILKSCREEN" originx="-189.96062992126" originy="-189.96062992126" endx="-189.96062992126" endy="189.96062992126" width="3.9370078740157" />
    <line layer="TOP_PLACE_BOUND" originx="-229.33070866141" originy="229.33070866141" endx="229.33070866141" endy="229.33070866141" width="3.9370078740157" />
    <line layer="TOP_PLACE_BOUND" originx="229.33070866141" originy="229.33070866141" endx="229.33070866141" endy="-229.33070866141" width="3.9370078740157" />
    <line layer="TOP_PLACE_BOUND" originx="229.33070866141" originy="-229.33070866141" endx="-229.33070866141" endy="-229.33070866141" width="3.9370078740157" />
    <line layer="TOP_PLACE_BOUND" originx="-229.33070866141" originy="-229.33070866141" endx="-229.33070866141" endy="229.33070866141" width="3.9370078740157" />
  </footprint>
  <symbol name="76STD01T" originx="0" originy="0">
    <line originx="200" originy="100" endx="1300" endy="100" width="0" />
    <line originx="1300" originy="-300" endx="1300" endy="100" width="0" />
    <line originx="1300" originy="-300" endx="200" endy="-300" width="0" />
    <line originx="200" originy="100" endx="200" endy="-300" width="0" />
    <sympin number="1" originx="200" originy="0" rotation="180" length="100" width="7.8740157480315" flipped="False">
      <text name="pinname" originx="230" originy="0" style="Default" rotation="0" justify="left" flipped="False" hidden="False" data="1" />
      <text name="pindes" originx="140" originy="20" style="Default" rotation="0" justify="lowerright" flipped="False" hidden="False" data="1" />
    </sympin>
    <sympin number="2" originx="1300" originy="0" rotation="0" length="100" width="7.8740157480315" flipped="False">
      <text name="pinname" originx="1270" originy="0" style="Default" rotation="0" justify="right" flipped="False" hidden="False" data="2" />
      <text name="pindes" originx="1360" originy="20" style="Default" rotation="0" justify="lowerleft" flipped="False" hidden="False" data="2" />
    </sympin>
    <sympin number="3" originx="200" originy="-200" rotation="180" length="100" width="7.8740157480315" flipped="False">
      <text name="pinname" originx="230" originy="-200" style="Default" rotation="0" justify="left" flipped="False" hidden="False" data="3" />
      <text name="pindes" originx="140" originy="-180" style="Default" rotation="0" justify="lowerright" flipped="False" hidden="False" data="3" />
    </sympin>
    <sympin number="4" originx="1300" originy="-200" rotation="0" length="100" width="7.8740157480315" flipped="False">
      <text name="pinname" originx="1270" originy="-200" style="Default" rotation="0" justify="right" flipped="False" hidden="False" data="4" />
      <text name="pindes" originx="1360" originy="-180" style="Default" rotation="0" justify="lowerleft" flipped="False" hidden="False" data="4" />
    </sympin>
    <sympin number="5" originx="1300" originy="-100" rotation="0" length="100" width="7.8740157480315" flipped="False">
      <text name="pinname" originx="1270" originy="-100" style="Default" rotation="0" justify="right" flipped="False" hidden="False" data="COMMON_1" />
      <text name="pindes" originx="1360" originy="-80" style="Default" rotation="0" justify="lowerleft" flipped="False" hidden="False" data="C1" />
    </sympin>
    <sympin number="6" originx="200" originy="-100" rotation="180" length="100" width="7.8740157480315" flipped="False">
      <text name="pinname" originx="230" originy="-100" style="Default" rotation="0" justify="left" flipped="False" hidden="False" data="COMMON_2" />
      <text name="pindes" originx="140" originy="-80" style="Default" rotation="0" justify="lowerright" flipped="False" hidden="False" data="C2" />
    </sympin>
  </symbol>
  <component name="76STD01T" designatorprefix="S" height="294.88188976378" footprint="76STD01T">
    <comppin designator="1" sympin="1" pinswap="0" gateswap="0" gate="1" group="1" side="" type="Any" name="1" />
    <comppin designator="2" sympin="2" pinswap="0" gateswap="0" gate="1" group="1" side="" type="Any" name="2" />
    <comppin designator="3" sympin="3" pinswap="0" gateswap="0" gate="1" group="1" side="" type="Any" name="3" />
    <comppin designator="4" sympin="4" pinswap="0" gateswap="0" gate="1" group="1" side="" type="Any" name="4" />
    <comppin designator="C1" sympin="5" pinswap="0" gateswap="0" gate="1" group="1" side="" type="Any" name="COMMON_1" />
    <comppin designator="C2" sympin="6" pinswap="0" gateswap="0" gate="1" group="1" side="" type="Any" name="COMMON_2" />
    <attached_symbol gate="1" name="76STD01T" />
    <pinmap designator="1" footprintpin="1" />
    <pinmap designator="2" footprintpin="2" />
    <pinmap designator="3" footprintpin="3" />
    <pinmap designator="4" footprintpin="4" />
    <pinmap designator="C1" footprintpin="5" />
    <pinmap designator="C2" footprintpin="6" />
    <text name="Datasheet" originx="0" originy="0" style="Default" rotation="0" justify="" flipped="False" hidden="True" data="https://datasheet.datasheetarchive.com/originals/distributors/Datasheets-DGA6/506009.pdf" />
    <text name="Description" originx="0" originy="0" style="Default" rotation="0" justify="" flipped="False" hidden="True" data="GRAYHILL - 76STD01T - SWITCH, DIP, 1 POSITION, DPDT, TOGGLE ROCKER" />
    <text name="Mouser Part Number" originx="0" originy="0" style="Default" rotation="0" justify="" flipped="False" hidden="True" data="706-76STD01T" />
    <text name="Mouser Price/Stock" originx="0" originy="0" style="Default" rotation="0" justify="" flipped="False" hidden="True" data="https://www.mouser.co.uk/ProductDetail/Grayhill/76STD01T?qs=ls7QRyWmRk4CM1%252BNOLs3Sg%3D%3D" />
    <text name="Manufacturer_Name" originx="0" originy="0" style="Default" rotation="0" justify="" flipped="False" hidden="True" data="Grayhill" />
    <text name="Manufacturer_Part_Number" originx="1350" originy="200" style="Default" rotation="0" justify="left" flipped="False" hidden="False" data="76STD01T" />
  </component>
</quadcept_library>
