﻿pos_x,pos_y,rotation,side,designator,mpn,pack,footprint,value,mount_type
273.098594,-104.115581,90.0,top,J1,,,PinHeader_1x05_P2.54mm_Vertical,KB1,tht
292.148594,-104.115581,90.0,top,J2,,,PinHeader_1x08_P2.54mm_Vertical,KB2,tht
335.428594,-105.035581,0.0,top,J3,,,PinHeader_1x03_P2.54mm_Vertical,0_SPACE,tht
102.918594,-115.035581,0.0,top,SW1,,,SW_Cherry_MX_1.00u_PCB,1,tht
274.368594,-115.035581,0.0,top,SW10,,,SW_Cherry_MX_1.00u_PCB,0,tht
112.668594,-134.085581,0.0,top,SW11,,,SW_Cherry_MX_1.00u_PCB,Q,tht
131.718594,-134.085581,0.0,top,SW12,,,SW_Cherry_MX_1.00u_PCB,W,tht
150.768594,-134.085581,0.0,top,SW13,,,SW_Cherry_MX_1.00u_PCB,E,tht
169.818594,-134.085581,0.0,top,SW14,,,SW_Cherry_MX_1.00u_PCB,R,tht
188.868594,-134.011281,0.0,top,SW15,,,SW_Cherry_MX_1.00u_PCB,T,tht
207.918594,-134.085581,0.0,top,SW16,,,SW_Cherry_MX_1.00u_PCB,Y,tht
226.968594,-134.085581,0.0,top,SW17,,,SW_Cherry_MX_1.00u_PCB,U,tht
246.018594,-134.085581,0.0,top,SW18,,,SW_Cherry_MX_1.00u_PCB,I,tht
265.068594,-134.085581,0.0,top,SW19,,,SW_Cherry_MX_1.00u_PCB,O,tht
121.968594,-115.035581,0.0,top,SW2,,,SW_Cherry_MX_1.00u_PCB,2,tht
284.118594,-134.085581,0.0,top,SW20,,,SW_Cherry_MX_1.00u_PCB,P,tht
117.093594,-153.135581,0.0,top,SW21,,,SW_Cherry_MX_1.00u_PCB,A,tht
136.143594,-153.135581,0.0,top,SW22,,,SW_Cherry_MX_1.00u_PCB,S,tht
155.193594,-153.135581,0.0,top,SW23,,,SW_Cherry_MX_1.00u_PCB,D,tht
174.243594,-153.135581,0.0,top,SW24,,,SW_Cherry_MX_1.00u_PCB,F,tht
193.293594,-153.135581,0.0,top,SW25,,,SW_Cherry_MX_1.00u_PCB,G,tht
212.343594,-153.018981,0.0,top,SW26,,,SW_Cherry_MX_1.00u_PCB,H,tht
231.393594,-153.135581,0.0,top,SW27,,,SW_Cherry_MX_1.00u_PCB,J,tht
250.443594,-153.135581,0.0,top,SW28,,,SW_Cherry_MX_1.00u_PCB,K,tht
269.493594,-153.135581,0.0,top,SW29,,,SW_Cherry_MX_1.00u_PCB,L,tht
141.018594,-115.035581,0.0,top,SW3,,,SW_Cherry_MX_1.00u_PCB,3,tht
288.587194,-153.135581,0.0,top,SW30,,,SW_Cherry_MX_1.00u_PCB,NL,tht
102.918594,-172.185581,0.0,top,SW31,,,SW_Cherry_MX_1.00u_PCB,SHIFT,tht
121.968594,-172.185581,0.0,top,SW32,,,SW_Cherry_MX_1.00u_PCB,Z,tht
141.018594,-172.185581,0.0,top,SW33,,,SW_Cherry_MX_1.00u_PCB,X,tht
160.068594,-172.185581,0.0,top,SW34,,,SW_Cherry_MX_1.00u_PCB,C,tht
179.118594,-172.185581,0.0,top,SW35,,,SW_Cherry_MX_1.00u_PCB,V,tht
198.181394,-172.185581,0.0,top,SW36,,,SW_Cherry_MX_1.00u_PCB,B,tht
217.218594,-172.185581,0.0,top,SW37,,,SW_Cherry_MX_1.00u_PCB,N,tht
236.268594,-172.185581,0.0,top,SW38,,,SW_Cherry_MX_1.00u_PCB,M,tht
255.318594,-172.185581,0.0,top,SW39,,,SW_Cherry_MX_1.00u_PCB,DOT,tht
160.068594,-115.035581,0.0,top,SW4,,,SW_Cherry_MX_1.00u_PCB,4,tht
274.368594,-172.185581,0.0,top,SW40,,,SW_Cherry_MX_1.00u_PCB,SPACE,tht
293.418594,-172.185581,0.0,top,SW41,,,SW_Cherry_MX_1.00u_PCB,LEFT,tht
312.468594,-172.185581,0.0,top,SW42,,,SW_Cherry_MX_1.00u_PCB,DOWN,tht
312.468594,-153.135581,0.0,top,SW43,,,SW_Cherry_MX_1.00u_PCB,UP,tht
331.518594,-172.185581,0.0,top,SW44,,,SW_Cherry_MX_1.00u_PCB,RIGHT,tht
312.468594,-115.035581,0.0,top,SW45,,,SW_Cherry_MX_1.00u_PCB,RUBOUT,tht
179.118594,-115.035581,0.0,top,SW5,,,SW_Cherry_MX_1.00u_PCB,5,tht
198.168594,-115.035581,0.0,top,SW6,,,SW_Cherry_MX_1.00u_PCB,6,tht
217.218594,-115.035581,0.0,top,SW7,,,SW_Cherry_MX_1.00u_PCB,7,tht
236.373794,-115.035581,0.0,top,SW8,,,SW_Cherry_MX_1.00u_PCB,8,tht
255.318594,-115.035581,0.0,top,SW9,,,SW_Cherry_MX_1.00u_PCB,9,tht
